{"IcoMoonType":"selection","icons":[{"icon":{"paths":["M502.812 768l-426.625-512h853.375l-426.751 512z"],"attrs":[{}],"isMulticolor":false,"isMulticolor2":false,"grid":0,"tags":["arrow down"]},"attrs":[{}],"properties":{"order":46,"id":41,"name":"arrow-down","prevSize":32,"code":59648},"setIdx":0,"setId":3,"iconIdx":0},{"icon":{"paths":["M506.381 994.304l70.99-68.911-376.31-376.307h800.005v-98.941h-800.005l375.268-375.267-69.948-69.949c-181.104 181.105-321.348 321.348-494.686 494.688 196.192 196.189 57.68 57.678 494.686 494.685z"],"attrs":[{"fill":"rgb(64, 191, 255)"}],"isMulticolor":false,"isMulticolor2":false,"grid":0,"tags":["arrow_left"]},"attrs":[{"fill":"rgb(64, 191, 255)"}],"properties":{"order":47,"id":40,"name":"arrow_left","prevSize":32,"code":59649},"setIdx":0,"setId":3,"iconIdx":1},{"icon":{"paths":["M731.429 950.857l-438.857-438.857 438.857-438.857"],"attrs":[{"fill":"none","stroke":"rgb(144, 152, 177)","strokeLinejoin":"round","strokeLinecap":"round","strokeMiterlimit":"4","strokeWidth":146.28571428571428}],"isMulticolor":false,"isMulticolor2":false,"grid":0,"tags":["arrow-_left_mobile"]},"attrs":[{"fill":"none","stroke":"rgb(144, 152, 177)","strokeLinejoin":"round","strokeLinecap":"round","strokeMiterlimit":"4","strokeWidth":146.28571428571428}],"properties":{"order":48,"id":39,"name":"arrow-_left_mobile","prevSize":32,"code":59650},"setIdx":0,"setId":3,"iconIdx":2},{"icon":{"paths":["M896 263.542h-768v632.45h768v-632.45z","M896 263.552h-768l90.336-135.552h587.33l90.334 135.552z","M613.649 455.543c0 56.111-45.504 101.615-101.615 101.615-56.115 0-101.617-45.504-101.617-101.615"],"attrs":[{"fill":"none","stroke":"rgb(64, 191, 255)","strokeLinejoin":"round","strokeLinecap":"round","strokeMiterlimit":"10","strokeWidth":85.33333333333333},{"fill":"none","stroke":"rgb(64, 191, 255)","strokeLinejoin":"round","strokeLinecap":"round","strokeMiterlimit":"10","strokeWidth":85.33333333333333},{"fill":"none","stroke":"rgb(64, 191, 255)","strokeLinejoin":"round","strokeLinecap":"round","strokeMiterlimit":"10","strokeWidth":85.33333333333333}],"isMulticolor":false,"isMulticolor2":false,"grid":0,"tags":["bag"]},"attrs":[{"fill":"none","stroke":"rgb(64, 191, 255)","strokeLinejoin":"round","strokeLinecap":"round","strokeMiterlimit":"10","strokeWidth":85.33333333333333},{"fill":"none","stroke":"rgb(64, 191, 255)","strokeLinejoin":"round","strokeLinecap":"round","strokeMiterlimit":"10","strokeWidth":85.33333333333333},{"fill":"none","stroke":"rgb(64, 191, 255)","strokeLinejoin":"round","strokeLinecap":"round","strokeMiterlimit":"10","strokeWidth":85.33333333333333}],"properties":{"order":49,"id":38,"name":"bag","prevSize":32,"code":59651},"setIdx":0,"setId":3,"iconIdx":3},{"icon":{"paths":["M145.88 282.905l372.293-138.24 372.294 138.24","M145.88 881.947h744.586","M518.16 697.627v-276.48","M797.401 697.627v-276.48","M238.96 697.627v-276.48"],"attrs":[{"fill":"none","stroke":"rgb(64, 191, 255)","strokeLinejoin":"round","strokeLinecap":"round","strokeMiterlimit":"4","strokeWidth":81.92},{"fill":"none","stroke":"rgb(64, 191, 255)","strokeLinejoin":"round","strokeLinecap":"round","strokeMiterlimit":"4","strokeWidth":81.92},{"fill":"none","stroke":"rgb(64, 191, 255)","strokeLinejoin":"round","strokeLinecap":"round","strokeMiterlimit":"4","strokeWidth":81.92},{"fill":"none","stroke":"rgb(64, 191, 255)","strokeLinejoin":"round","strokeLinecap":"round","strokeMiterlimit":"4","strokeWidth":81.92},{"fill":"none","stroke":"rgb(64, 191, 255)","strokeLinejoin":"round","strokeLinecap":"round","strokeMiterlimit":"4","strokeWidth":81.92}],"isMulticolor":false,"isMulticolor2":false,"grid":0,"tags":["Bank"]},"attrs":[{"fill":"none","stroke":"rgb(64, 191, 255)","strokeLinejoin":"round","strokeLinecap":"round","strokeMiterlimit":"4","strokeWidth":81.92},{"fill":"none","stroke":"rgb(64, 191, 255)","strokeLinejoin":"round","strokeLinecap":"round","strokeMiterlimit":"4","strokeWidth":81.92},{"fill":"none","stroke":"rgb(64, 191, 255)","strokeLinejoin":"round","strokeLinecap":"round","strokeMiterlimit":"4","strokeWidth":81.92},{"fill":"none","stroke":"rgb(64, 191, 255)","strokeLinejoin":"round","strokeLinecap":"round","strokeMiterlimit":"4","strokeWidth":81.92},{"fill":"none","stroke":"rgb(64, 191, 255)","strokeLinejoin":"round","strokeLinecap":"round","strokeMiterlimit":"4","strokeWidth":81.92}],"properties":{"order":50,"id":37,"name":"Bank","prevSize":32,"code":59652},"setIdx":0,"setId":3,"iconIdx":4},{"icon":{"paths":["M512.001 102.4c-170.558 0-308.8 138.242-308.8 308.8v268.818c0 5.914-1.025 11.781-3.027 17.347l-18.52 51.436h660.695l-18.519-51.436c-2.002-5.565-3.026-11.433-3.026-17.347v-268.818c0-170.558-138.245-308.8-308.802-308.8zM100.8 411.2c0-227.112 184.088-411.2 411.2-411.2s411.202 184.088 411.202 411.2v259.884l40.172 111.57c5.647 15.688 3.302 33.147-6.282 46.787-9.59 13.64-25.216 21.76-41.892 21.76h-806.399c-16.674 0-32.303-8.12-41.89-21.76s-11.931-31.099-6.283-46.787l40.173-111.57v-259.884z","M339.2 748.8c28.277 0 51.2 22.922 51.2 51.2 0 67.164 54.434 121.6 121.6 121.6 67.164 0 121.6-54.436 121.6-121.6 0-28.278 22.922-51.2 51.2-51.2s51.2 22.922 51.2 51.2c0 123.72-100.28 224-224 224s-224-100.28-224-224c0-28.278 22.923-51.2 51.2-51.2z"],"attrs":[{"fill":"rgb(144, 152, 177)"},{"fill":"rgb(144, 152, 177)"}],"isMulticolor":false,"isMulticolor2":false,"grid":0,"tags":["bell"]},"attrs":[{"fill":"rgb(144, 152, 177)"},{"fill":"rgb(144, 152, 177)"}],"properties":{"order":51,"id":36,"name":"bell","prevSize":32,"code":59653},"setIdx":0,"setId":3,"iconIdx":5},{"icon":{"paths":["M682.667 426.667l-170.667 170.667-170.667-170.667"],"attrs":[{"fill":"none","stroke":"rgb(144, 152, 177)","strokeLinejoin":"round","strokeLinecap":"round","strokeMiterlimit":"4","strokeWidth":85.33333333333333}],"isMulticolor":false,"isMulticolor2":false,"grid":0,"tags":["bottom"]},"attrs":[{"fill":"none","stroke":"rgb(144, 152, 177)","strokeLinejoin":"round","strokeLinecap":"round","strokeMiterlimit":"4","strokeWidth":85.33333333333333}],"properties":{"order":52,"id":35,"name":"bottom","prevSize":32,"code":59654},"setIdx":0,"setId":3,"iconIdx":6},{"icon":{"paths":["M962.555 184.411h-886.412v658.288h886.412v-658.288z","M76.143 403.839h886.412"],"attrs":[{"fill":"none","stroke":"rgb(64, 191, 255)","strokeLinejoin":"round","strokeLinecap":"round","strokeMiterlimit":"4","strokeWidth":97.52380952380952},{"fill":"none","stroke":"rgb(64, 191, 255)","strokeLinejoin":"round","strokeLinecap":"round","strokeMiterlimit":"4","strokeWidth":97.52380952380952}],"isMulticolor":false,"isMulticolor2":false,"grid":0,"tags":["Card"]},"attrs":[{"fill":"none","stroke":"rgb(64, 191, 255)","strokeLinejoin":"round","strokeLinecap":"round","strokeMiterlimit":"4","strokeWidth":97.52380952380952},{"fill":"none","stroke":"rgb(64, 191, 255)","strokeLinejoin":"round","strokeLinecap":"round","strokeMiterlimit":"4","strokeWidth":97.52380952380952}],"properties":{"order":53,"id":34,"name":"Card","prevSize":32,"code":59655},"setIdx":0,"setId":3,"iconIdx":7},{"icon":{"paths":["M352.536 962.536c15.148 0 27.429-12.278 27.429-27.429s-12.28-27.429-27.429-27.429c-15.148 0-27.429 12.278-27.429 27.429s12.28 27.429 27.429 27.429z","M736.534 962.536c15.15 0 27.429-12.278 27.429-27.429s-12.278-27.429-27.429-27.429c-15.145 0-27.429 12.278-27.429 27.429s12.283 27.429 27.429 27.429z","M50.822 84.821h109.714l109.714 658.286h548.569l109.714-493.714h-713.141"],"attrs":[{"strokeLinejoin":"round","strokeLinecap":"round","strokeMiterlimit":"10","strokeWidth":97.52380952380952},{"strokeLinejoin":"round","strokeLinecap":"round","strokeMiterlimit":"10","strokeWidth":97.52380952380952},{"fill":"none","strokeLinejoin":"round","strokeLinecap":"round","strokeMiterlimit":"4","strokeWidth":97.52380952380952}],"isMulticolor":false,"isMulticolor2":false,"grid":0,"tags":["cart"]},"attrs":[{"strokeLinejoin":"round","strokeLinecap":"round","strokeMiterlimit":"10","strokeWidth":97.52380952380952},{"strokeLinejoin":"round","strokeLinecap":"round","strokeMiterlimit":"10","strokeWidth":97.52380952380952},{"fill":"none","strokeLinejoin":"round","strokeLinecap":"round","strokeMiterlimit":"4","strokeWidth":97.52380952380952}],"properties":{"order":54,"id":33,"name":"cart","prevSize":32,"code":59656},"setIdx":0,"setId":3,"iconIdx":8},{"icon":{"paths":["M790.829 682.689c27.774-0.048 54.682-9.728 76.119-27.389 21.444-17.661 36.093-42.213 41.46-69.465l60.235-301.176c3.488-17.456 3.066-35.47-1.241-52.743-4.301-17.273-12.384-33.377-23.654-47.155s-25.455-24.889-41.532-32.529c-16.083-7.64-33.653-11.621-51.453-11.658h-599.703v-60.235c0-15.976-6.347-31.296-17.644-42.592s-26.617-17.643-42.592-17.643h-119.928c-15.975 0-31.297 6.347-42.594 17.643s-17.642 26.616-17.642 42.592c0 15.976 6.345 31.296 17.642 42.592s26.618 17.644 42.594 17.644h60.235v602.351c-23.85-0.102-47.195 6.873-67.077 20.040-19.882 13.173-35.409 31.949-44.61 53.953s-11.664 46.243-7.077 69.65c4.587 23.401 16.017 44.917 32.844 61.826 16.826 16.902 38.291 28.425 61.674 33.117s47.635 2.343 69.68-6.758c22.045-9.102 40.891-24.546 54.153-44.369s20.341-43.134 20.342-66.988h419.78c0.096 23.715 7.21 46.863 20.456 66.53 13.24 19.673 32.015 34.979 53.947 43.984s46.044 11.318 69.289 6.632c23.245-4.686 44.574-16.155 61.307-32.955s28.118-38.177 32.708-61.44c4.59-23.263 2.187-47.363-6.909-69.259s-24.474-40.611-44.195-53.772c-19.727-13.161-42.906-20.191-66.614-20.191h-539.769v-60.235h539.769zM851.064 261.044l-60.235 301.176h-539.769v-301.176h600.004z"],"attrs":[{"fill":"rgb(51, 160, 255)"}],"isMulticolor":false,"isMulticolor2":false,"grid":0,"tags":["cart_2"]},"attrs":[{"fill":"rgb(51, 160, 255)"}],"properties":{"order":55,"id":32,"name":"cart_2","prevSize":32,"code":59657},"setIdx":0,"setId":3,"iconIdx":9},{"icon":{"paths":["M716.989 520.728l279.721 279.717c16.782 16.786 25.175 39.16 25.175 61.538 0 25.175-8.393 47.553-25.175 64.339l-61.538 61.538c-19.582 16.782-41.96 25.175-64.335 25.175-25.175 0-44.757-8.393-61.538-25.175l-279.721-279.721-279.721 279.721c-16.783 16.782-39.161 25.175-61.538 25.175-25.175 0-47.553-8.393-64.336-25.175l-61.538-61.538c-16.783-16.786-25.175-39.164-25.175-64.339 0-22.378 8.392-44.753 25.175-61.538l279.721-279.717-279.721-279.722c-16.783-16.783-25.175-36.364-25.175-61.538 0-22.378 8.392-44.755 25.175-64.336l61.538-61.538c16.783-16.783 39.161-25.175 64.336-25.175 22.378 0 44.755 8.392 61.538 25.175l279.721 279.721 279.721-279.721c16.782-16.783 36.364-25.175 61.538-25.175 22.374 0 44.753 8.392 64.335 25.175l61.538 61.538c16.782 19.58 25.175 41.958 25.175 64.336 0 25.175-8.393 44.755-25.175 61.538l-279.721 279.722z"],"attrs":[{"fill":"rgb(64, 191, 255)","opacity":0.5}],"isMulticolor":false,"isMulticolor2":false,"grid":0,"tags":["close"]},"attrs":[{"fill":"rgb(64, 191, 255)","opacity":0.5}],"properties":{"order":56,"id":31,"name":"close","prevSize":32,"code":59658},"setIdx":0,"setId":3,"iconIdx":10},{"icon":{"paths":["M753.372 270.645c16.66 16.663 16.66 43.678 0 60.34l-422.381 422.377c-16.663 16.666-43.678 16.666-60.34 0-16.663-16.66-16.663-43.674 0-60.339l422.376-422.378c16.666-16.662 43.679-16.662 60.344 0z","M270.63 270.645c16.663-16.662 43.678-16.662 60.34 0l422.376 422.378c16.666 16.66 16.666 43.679 0 60.339-16.66 16.666-43.674 16.666-60.339 0l-422.377-422.377c-16.662-16.662-16.662-43.677 0-60.34z"],"attrs":[{"fill":"rgb(34, 50, 99)","opacity":0.5},{"fill":"rgb(34, 50, 99)","opacity":0.5}],"isMulticolor":false,"isMulticolor2":false,"grid":0,"tags":["cross_mobile"]},"attrs":[{"fill":"rgb(34, 50, 99)","opacity":0.5},{"fill":"rgb(34, 50, 99)","opacity":0.5}],"properties":{"order":57,"id":30,"name":"cross_mobile","prevSize":32,"code":59659},"setIdx":0,"setId":3,"iconIdx":11},{"icon":{"paths":["M128 464h768M704 320v-192M320 320v-192M128 224h768v672h-768v-672z"],"attrs":[{"fill":"none","stroke":"rgb(64, 191, 255)","strokeLinejoin":"round","strokeLinecap":"round","strokeMiterlimit":"10","strokeWidth":85.33333333333333}],"isMulticolor":false,"isMulticolor2":false,"grid":0,"tags":["Date"]},"attrs":[{"fill":"none","stroke":"rgb(64, 191, 255)","strokeLinejoin":"round","strokeLinecap":"round","strokeMiterlimit":"10","strokeWidth":85.33333333333333}],"properties":{"order":58,"id":29,"name":"Date","prevSize":32,"code":59660},"setIdx":0,"setId":3,"iconIdx":12},{"icon":{"paths":["M503.876 961.361c278.281 0 503.872-210.125 503.872-469.333 0-259.205-225.591-469.332-503.872-469.332-278.284 0-503.876 210.128-503.876 469.332 0 259.209 225.592 469.333 503.876 469.333z","M709.308 351.532l-32.393-30.17-356.291 331.869 32.39 30.17 356.294-331.869z","M676.902 683.392l32.388-30.17-356.292-331.869-32.39 30.17 356.294 331.868z"],"attrs":[{"fill":"rgb(255, 104, 117)","opacity":0.05},{"fill":"rgb(255, 66, 82)"},{"fill":"rgb(255, 66, 82)"}],"isMulticolor":true,"isMulticolor2":true,"grid":0,"tags":["del"]},"attrs":[{"fill":"rgb(255, 104, 117)","opacity":0.05},{"fill":"rgb(255, 66, 82)"},{"fill":"rgb(255, 66, 82)"}],"properties":{"order":59,"id":28,"name":"del","prevSize":32,"code":59661,"codes":[59661,59662,59663]},"setIdx":0,"setId":3,"iconIdx":13},{"icon":{"paths":["M279.714 517.368h106.112v436.993c0 4.141 1.646 8.115 4.575 11.040 2.929 2.931 6.9 4.576 11.042 4.576h179.967c4.142 0 8.114-1.645 11.042-4.576 2.929-2.925 4.575-6.899 4.575-11.040v-434.945h122.047c3.827-0.006 7.519-1.418 10.374-3.965s4.675-6.057 5.114-9.859l18.559-160.896c0.253-2.186 0.041-4.399-0.622-6.497s-1.761-4.031-3.224-5.675c-1.462-1.644-3.255-2.959-5.261-3.862s-4.181-1.371-6.381-1.374h-140.8v-100.8c0-30.4 16.385-45.824 48.641-45.824h91.903c4.141 0 8.113-1.645 11.042-4.574s4.574-6.9 4.574-11.042v-147.648c0.035-4.12-1.56-8.086-4.437-11.035s-6.804-4.641-10.923-4.709h-132.607c-58.382 0.206-114.733 21.451-158.72 59.84-20.756 18.139-36.682 41.15-46.345 66.966s-12.76 53.629-9.015 80.938v117.952h-111.425c-4.142 0-8.113 1.645-11.042 4.573s-4.574 6.901-4.574 11.043v158.784c-0 2.067 0.41 4.113 1.207 6.020s1.965 3.638 3.435 5.090c1.47 1.453 3.215 2.599 5.131 3.372s3.968 1.159 6.035 1.133z"],"attrs":[{"fill":"rgb(56, 92, 142)"}],"isMulticolor":false,"isMulticolor2":false,"grid":0,"tags":["facebook"]},"attrs":[{"fill":"rgb(56, 92, 142)"}],"properties":{"order":60,"id":27,"name":"facebook","prevSize":32,"code":59664},"setIdx":0,"setId":3,"iconIdx":14},{"icon":{"paths":["M608 752v-240l288-384h-768l288 384v384"],"attrs":[{"fill":"none","stroke":"rgb(64, 191, 255)","strokeLinejoin":"round","strokeLinecap":"round","strokeMiterlimit":"10","strokeWidth":85.33333333333333}],"isMulticolor":false,"isMulticolor2":false,"grid":0,"tags":["Filter"]},"attrs":[{"fill":"none","stroke":"rgb(64, 191, 255)","strokeLinejoin":"round","strokeLinecap":"round","strokeMiterlimit":"10","strokeWidth":85.33333333333333}],"properties":{"order":61,"id":26,"name":"Filter","prevSize":32,"code":59665},"setIdx":0,"setId":3,"iconIdx":15},{"icon":{"paths":["M512 597.333c141.385 0 256-114.615 256-256s-114.615-256-256-256c-141.385 0-256 114.615-256 256s114.615 256 256 256z","M512 597.333v341.333","M384 768h256"],"attrs":[{"fill":"none","stroke":"rgb(64, 191, 255)","strokeLinejoin":"round","strokeLinecap":"round","strokeMiterlimit":"4","strokeWidth":85.33333333333333},{"fill":"none","stroke":"rgb(64, 191, 255)","strokeLinejoin":"round","strokeLinecap":"round","strokeMiterlimit":"4","strokeWidth":85.33333333333333},{"fill":"none","stroke":"rgb(64, 191, 255)","strokeLinejoin":"round","strokeLinecap":"round","strokeMiterlimit":"4","strokeWidth":85.33333333333333}],"isMulticolor":false,"isMulticolor2":false,"grid":0,"tags":["Gender"]},"attrs":[{"fill":"none","stroke":"rgb(64, 191, 255)","strokeLinejoin":"round","strokeLinecap":"round","strokeMiterlimit":"4","strokeWidth":85.33333333333333},{"fill":"none","stroke":"rgb(64, 191, 255)","strokeLinejoin":"round","strokeLinecap":"round","strokeMiterlimit":"4","strokeWidth":85.33333333333333},{"fill":"none","stroke":"rgb(64, 191, 255)","strokeLinejoin":"round","strokeLinecap":"round","strokeMiterlimit":"4","strokeWidth":85.33333333333333}],"properties":{"order":62,"id":25,"name":"Gender","prevSize":32,"code":59666},"setIdx":0,"setId":3,"iconIdx":16},{"icon":{"paths":["M984.516 417.625h-38.816v-2h-433.698v192.751h272.34c-39.731 112.206-146.498 192.759-272.34 192.759-159.672 0-289.131-129.464-289.131-289.134 0-159.672 129.458-289.131 289.131-289.131 73.705 0 140.756 27.805 191.811 73.223l136.306-136.301c-86.064-80.21-201.192-129.675-328.118-129.675-266.12 0-481.884 215.764-481.884 481.884 0 266.124 215.764 481.887 481.884 481.887 266.124 0 481.887-215.763 481.887-481.887 0-32.31-3.325-63.849-9.373-94.377z","M85.647 287.709l158.323 116.11c42.839-106.063 146.589-180.948 268-180.948 73.704 0 140.757 27.805 191.813 73.223l136.3-136.301c-86.064-80.21-201.186-129.675-328.113-129.675-185.092 0-345.608 104.497-426.323 257.591z","M511.998 993.9c124.473 0 237.57-47.634 323.080-125.097l-149.143-126.205c-48.381 36.647-108.522 58.549-173.938 58.549-125.338 0-231.763-79.92-271.855-191.452l-157.142 121.073c79.752 156.058 241.713 263.132 428.998 263.132z","M984.51 417.625h-38.816v-2h-433.694v192.752h272.336c-19.083 53.899-53.754 100.376-98.473 134.228 0.024-0.024 0.048-0.024 0.072-0.048l149.143 126.211c-10.553 9.589 158.804-115.826 158.804-356.766 0-32.31-3.325-63.849-9.373-94.377z"],"attrs":[{"fill":"rgb(255, 193, 7)"},{"fill":"rgb(255, 61, 0)"},{"fill":"rgb(76, 175, 80)"},{"fill":"rgb(25, 118, 210)"}],"isMulticolor":true,"isMulticolor2":false,"grid":0,"tags":["google"]},"attrs":[{"fill":"rgb(255, 193, 7)"},{"fill":"rgb(255, 61, 0)"},{"fill":"rgb(76, 175, 80)"},{"fill":"rgb(25, 118, 210)"}],"properties":{"order":63,"id":24,"name":"google","prevSize":32,"code":59667,"codes":[59667,59668,59669,59670]},"setIdx":0,"setId":3,"iconIdx":17},{"icon":{"paths":["M671.696 200.809c34.786 0.057 68.825 10.157 98.015 29.085s52.296 45.879 66.542 77.617c14.246 31.739 19.028 66.915 13.77 101.306-5.253 34.39-20.323 66.532-43.4 92.566-33.129 37.346-315.635 301.776-315.635 301.776s-283.106-264.431-316.235-302.379c-29.224-32.84-45.309-75.304-45.176-119.265 0-47.926 19.038-93.891 52.927-127.78s79.853-52.926 127.779-52.926c47.926 0 93.891 19.037 127.78 52.926s52.926 79.853 52.926 127.78c0-47.926 19.038-93.891 52.927-127.78s79.852-52.926 127.781-52.926zM671.696 80.339c-65.187-0.118-128.631 21.030-180.708 60.235-59.654-44.059-133.466-64.559-207.297-57.574s-142.491 40.968-192.823 95.434c-50.332 54.465-78.8 125.587-79.949 199.739s25.104 146.118 73.724 202.118c33.852 38.792 256.661 247.444 324.125 310.45 22.317 20.872 51.726 32.479 82.28 32.479s59.967-11.607 82.283-32.479c67.224-62.946 289.131-271.058 323.404-309.789 38.364-43.41 63.392-96.963 72.084-154.239 8.698-57.276 0.687-115.845-23.064-168.684s-62.241-97.708-110.851-129.225c-48.61-31.517-105.279-48.344-163.208-48.467z"],"attrs":[{"fill":"rgb(51, 160, 255)"}],"isMulticolor":false,"isMulticolor2":false,"grid":0,"tags":["hearts"]},"attrs":[{"fill":"rgb(51, 160, 255)"}],"properties":{"order":64,"id":23,"name":"hearts","prevSize":32,"code":59671},"setIdx":0,"setId":3,"iconIdx":18},{"icon":{"paths":["M51.2 396.8l460.8-345.6 460.8 345.6","M972.8 396.8v576h-921.6v-576","M627.2 627.2h-230.4v345.6h230.4v-345.6z"],"attrs":[{"fill":"none","stroke":"rgb(64, 191, 255)","strokeLinejoin":"round","strokeLinecap":"round","strokeMiterlimit":"10","strokeWidth":102.4},{"fill":"none","stroke":"rgb(64, 191, 255)","strokeLinejoin":"round","strokeLinecap":"round","strokeMiterlimit":"10","strokeWidth":102.4},{"fill":"none","stroke":"rgb(64, 191, 255)","strokeLinejoin":"round","strokeLinecap":"round","strokeMiterlimit":"10","strokeWidth":102.4}],"isMulticolor":false,"isMulticolor2":false,"grid":0,"tags":["home"]},"attrs":[{"fill":"none","stroke":"rgb(64, 191, 255)","strokeLinejoin":"round","strokeLinecap":"round","strokeMiterlimit":"10","strokeWidth":102.4},{"fill":"none","stroke":"rgb(64, 191, 255)","strokeLinejoin":"round","strokeLinecap":"round","strokeMiterlimit":"10","strokeWidth":102.4},{"fill":"none","stroke":"rgb(64, 191, 255)","strokeLinejoin":"round","strokeLinecap":"round","strokeMiterlimit":"10","strokeWidth":102.4}],"properties":{"order":65,"id":22,"name":"home","prevSize":32,"code":59672},"setIdx":0,"setId":3,"iconIdx":19},{"icon":{"paths":["M375.467 0.056h273.067c201.081-0 364.089 163.008 364.089 364.089v273.067c0 201.081-163.008 364.089-364.089 364.089h-273.067c-201.081 0-364.089-163.008-364.089-364.089v-273.067c0-201.081 163.008-364.089 364.089-364.089z","M718.209 461.346c21.722 21.722 21.722 56.941 0 78.664l-166.876 166.876c-21.722 21.722-56.941 21.722-78.664 0l-166.876-166.876c-21.722-21.722-21.722-56.941 0-78.664l166.876-166.876c21.722-21.722 56.941-21.722 78.664 0l166.876 166.876zM512.002 412.469l-88.21 88.207 88.21 88.21 88.207-88.21-88.207-88.207z"],"attrs":[{"fill":"rgb(64, 191, 255)"},{"fill":"rgb(255, 255, 255)"}],"isMulticolor":true,"isMulticolor2":false,"grid":0,"tags":["Icon"]},"attrs":[{"fill":"rgb(64, 191, 255)"},{"fill":"rgb(255, 255, 255)"}],"properties":{"order":66,"id":21,"name":"Icon","prevSize":32,"code":59673,"codes":[59673,59674]},"setIdx":0,"setId":3,"iconIdx":20},{"icon":{"paths":["M896 128h-768v768h768v-768z","M368 320h288","M368 512h288","M368 704h288"],"attrs":[{"fill":"none","stroke":"rgb(64, 191, 255)","strokeLinejoin":"round","strokeLinecap":"round","strokeMiterlimit":"10","strokeWidth":85.33333333333333},{"fill":"none","stroke":"rgb(64, 191, 255)","strokeLinejoin":"round","strokeLinecap":"round","strokeMiterlimit":"10","strokeWidth":85.33333333333333},{"fill":"none","stroke":"rgb(64, 191, 255)","strokeLinejoin":"round","strokeLinecap":"round","strokeMiterlimit":"10","strokeWidth":85.33333333333333},{"fill":"none","stroke":"rgb(64, 191, 255)","strokeLinejoin":"round","strokeLinecap":"round","strokeMiterlimit":"10","strokeWidth":85.33333333333333}],"isMulticolor":false,"isMulticolor2":false,"grid":0,"tags":["List"]},"attrs":[{"fill":"none","stroke":"rgb(64, 191, 255)","strokeLinejoin":"round","strokeLinecap":"round","strokeMiterlimit":"10","strokeWidth":85.33333333333333},{"fill":"none","stroke":"rgb(64, 191, 255)","strokeLinejoin":"round","strokeLinecap":"round","strokeMiterlimit":"10","strokeWidth":85.33333333333333},{"fill":"none","stroke":"rgb(64, 191, 255)","strokeLinejoin":"round","strokeLinecap":"round","strokeMiterlimit":"10","strokeWidth":85.33333333333333},{"fill":"none","stroke":"rgb(64, 191, 255)","strokeLinejoin":"round","strokeLinecap":"round","strokeMiterlimit":"10","strokeWidth":85.33333333333333}],"properties":{"order":67,"id":20,"name":"List","prevSize":32,"code":59675},"setIdx":0,"setId":3,"iconIdx":21},{"icon":{"paths":["M810.667 417.173c0 183.309-320 521.493-320 521.493s-320-338.185-320-521.493c0-183.307 143.253-331.84 320-331.84s320 148.587 320 331.84z","M576 405.333c0 47.13-38.204 85.333-85.333 85.333s-85.333-38.204-85.333-85.333c0-47.128 38.204-85.333 85.333-85.333s85.333 38.205 85.333 85.333z"],"attrs":[{"fill":"none","stroke":"rgb(64, 191, 255)","strokeLinejoin":"round","strokeLinecap":"round","strokeMiterlimit":"10","strokeWidth":85.33333333333333},{"fill":"rgb(64, 191, 255)","stroke":"rgb(64, 191, 255)","strokeLinejoin":"miter","strokeLinecap":"butt","strokeMiterlimit":"4","strokeWidth":42.666666666666664}],"isMulticolor":false,"isMulticolor2":false,"grid":0,"tags":["Location"]},"attrs":[{"fill":"none","stroke":"rgb(64, 191, 255)","strokeLinejoin":"round","strokeLinecap":"round","strokeMiterlimit":"10","strokeWidth":85.33333333333333},{"fill":"rgb(64, 191, 255)","stroke":"rgb(64, 191, 255)","strokeLinejoin":"miter","strokeLinecap":"butt","strokeMiterlimit":"4","strokeWidth":42.666666666666664}],"properties":{"order":68,"id":19,"name":"Location","prevSize":32,"code":59676},"setIdx":0,"setId":3,"iconIdx":22},{"icon":{"paths":["M193.896 545.084l318.087 310.942 319.808-312.623c87.923-85.952 87.923-225.030 0-310.941-87.927-85.911-230.204-85.951-318.089 0l-1.719 1.679-1.758-1.719c-87.925-85.951-230.202-85.951-318.088 0s-87.926 225.029 0 310.943l1.759 1.719z"],"attrs":[{"fill":"none","stroke":"rgb(144, 152, 177)","strokeLinejoin":"round","strokeLinecap":"round","strokeMiterlimit":"4","strokeWidth":85.33333333333333}],"isMulticolor":false,"isMulticolor2":false,"grid":0,"tags":["love"]},"attrs":[{"fill":"none","stroke":"rgb(144, 152, 177)","strokeLinejoin":"round","strokeLinecap":"round","strokeMiterlimit":"4","strokeWidth":85.33333333333333}],"properties":{"order":69,"id":18,"name":"love","prevSize":32,"code":59677},"setIdx":0,"setId":3,"iconIdx":23},{"icon":{"paths":["M85.333 224c0-23.564 19.103-42.667 42.667-42.667h768c23.565 0 42.667 19.103 42.667 42.667v576c0 23.565-19.102 42.667-42.667 42.667h-768c-23.564 0-42.667-19.102-42.667-42.667v-576zM170.667 266.667v490.667h682.667v-490.667h-682.667z","M95.605 196.234c15.335-17.891 42.271-19.963 60.162-4.628l356.233 305.338 356.233-305.338c17.894-15.335 44.83-13.263 60.164 4.628s13.261 44.827-4.629 60.162l-384 329.136c-15.979 13.696-39.556 13.696-55.535 0l-383.999-329.136c-17.891-15.335-19.963-42.271-4.628-60.162z"],"attrs":[{"fill":"rgb(64, 191, 255)"},{"fill":"rgb(64, 191, 255)"}],"isMulticolor":false,"isMulticolor2":false,"grid":0,"tags":["Message"]},"attrs":[{"fill":"rgb(64, 191, 255)"},{"fill":"rgb(64, 191, 255)"}],"properties":{"order":70,"id":17,"name":"Message","prevSize":32,"code":59678},"setIdx":0,"setId":3,"iconIdx":24},{"icon":{"paths":["M511.915 524.625c-66.961 0-121.248-54.289-121.248-121.249v-154.128c0-66.96 54.287-121.248 121.248-121.248s121.25 54.288 121.25 121.248v154.128c0 66.96-54.289 121.249-121.25 121.249z","M512 752v144","M224 416c0 159.070 128.928 288 288 288 159.070 0 288-128.93 288-288"],"attrs":[{"fill":"none","stroke":"rgb(144, 152, 177)","strokeLinejoin":"round","strokeLinecap":"round","strokeMiterlimit":"10","strokeWidth":85.33333333333333},{"fill":"none","stroke":"rgb(144, 152, 177)","strokeLinejoin":"round","strokeLinecap":"round","strokeMiterlimit":"10","strokeWidth":85.33333333333333},{"fill":"none","stroke":"rgb(144, 152, 177)","strokeLinejoin":"round","strokeLinecap":"round","strokeMiterlimit":"10","strokeWidth":85.33333333333333}],"isMulticolor":false,"isMulticolor2":false,"grid":0,"tags":["Mic"]},"attrs":[{"fill":"none","stroke":"rgb(144, 152, 177)","strokeLinejoin":"round","strokeLinecap":"round","strokeMiterlimit":"10","strokeWidth":85.33333333333333},{"fill":"none","stroke":"rgb(144, 152, 177)","strokeLinejoin":"round","strokeLinecap":"round","strokeMiterlimit":"10","strokeWidth":85.33333333333333},{"fill":"none","stroke":"rgb(144, 152, 177)","strokeLinejoin":"round","strokeLinecap":"round","strokeMiterlimit":"10","strokeWidth":85.33333333333333}],"properties":{"order":71,"id":16,"name":"Mic","prevSize":32,"code":59679},"setIdx":0,"setId":3,"iconIdx":25},{"icon":{"paths":["M512 102.428c-82.068 0-148.6 66.531-148.6 148.602s66.531 148.602 148.6 148.602c82.074 0 148.603-66.531 148.603-148.602s-66.529-148.602-148.603-148.602zM261 251.030c0-138.625 112.377-251.002 251-251.002 138.624 0 251.003 112.377 251.003 251.002s-112.379 251.002-251.003 251.002c-138.622 0-251-112.377-251-251.002z","M384.913 685.588c-156.031 0-282.513 126.484-282.513 282.516v4.664c0 28.278-22.923 51.2-51.2 51.2s-51.2-22.922-51.2-51.2v-4.664c0-212.588 172.328-384.916 384.913-384.916h254.175c212.582 0 384.911 172.329 384.911 384.916v4.664c0 28.278-22.922 51.2-51.2 51.2s-51.2-22.922-51.2-51.2v-4.664c0-156.032-126.484-282.516-282.511-282.516h-254.175z"],"attrs":[{"fill":"rgb(144, 152, 177)"},{"fill":"rgb(144, 152, 177)"}],"isMulticolor":false,"isMulticolor2":false,"grid":0,"tags":["mobile_profile"]},"attrs":[{"fill":"rgb(144, 152, 177)"},{"fill":"rgb(144, 152, 177)"}],"properties":{"order":72,"id":15,"name":"mobile_profile","prevSize":32,"code":59680},"setIdx":0,"setId":3,"iconIdx":26},{"icon":{"paths":["M469.333 512c0 23.565 19.102 42.667 42.667 42.667s42.667-19.102 42.667-42.667c0-23.565-19.102-42.667-42.667-42.667s-42.667 19.102-42.667 42.667z","M469.333 810.667c0 23.565 19.102 42.667 42.667 42.667s42.667-19.102 42.667-42.667c0-23.565-19.102-42.667-42.667-42.667s-42.667 19.102-42.667 42.667z","M469.333 213.333c0 23.564 19.102 42.667 42.667 42.667s42.667-19.103 42.667-42.667c0-23.564-19.102-42.667-42.667-42.667s-42.667 19.103-42.667 42.667z"],"attrs":[{"fill":"none","stroke":"rgb(144, 152, 177)","strokeLinejoin":"round","strokeLinecap":"round","strokeMiterlimit":"4","strokeWidth":85.33333333333333},{"fill":"none","stroke":"rgb(144, 152, 177)","strokeLinejoin":"round","strokeLinecap":"round","strokeMiterlimit":"4","strokeWidth":85.33333333333333},{"fill":"none","stroke":"rgb(144, 152, 177)","strokeLinejoin":"round","strokeLinecap":"round","strokeMiterlimit":"4","strokeWidth":85.33333333333333}],"isMulticolor":false,"isMulticolor2":false,"grid":0,"tags":["More"]},"attrs":[{"fill":"none","stroke":"rgb(144, 152, 177)","strokeLinejoin":"round","strokeLinecap":"round","strokeMiterlimit":"4","strokeWidth":85.33333333333333},{"fill":"none","stroke":"rgb(144, 152, 177)","strokeLinejoin":"round","strokeLinecap":"round","strokeMiterlimit":"4","strokeWidth":85.33333333333333},{"fill":"none","stroke":"rgb(144, 152, 177)","strokeLinejoin":"round","strokeLinecap":"round","strokeMiterlimit":"4","strokeWidth":85.33333333333333}],"properties":{"order":73,"id":14,"name":"More","prevSize":32,"code":59681},"setIdx":0,"setId":3,"iconIdx":27},{"icon":{"paths":["M310.4 339.2c15.906 0 28.8-12.894 28.8-28.8s-12.894-28.8-28.8-28.8c-15.906 0-28.8 12.894-28.8 28.8s12.894 28.8 28.8 28.8z","M972.8 563.205l-409.595 409.595-512.005-512.006v-409.594h409.594l512.006 512.005z"],"attrs":[{"fill":"rgb(144, 152, 177)","stroke":"rgb(144, 152, 177)","strokeLinejoin":"round","strokeLinecap":"round","strokeMiterlimit":"10","strokeWidth":102.4},{"fill":"none","stroke":"rgb(144, 152, 177)","strokeLinejoin":"round","strokeLinecap":"round","strokeMiterlimit":"4","strokeWidth":102.4}],"isMulticolor":false,"isMulticolor2":false,"grid":0,"tags":["offer"]},"attrs":[{"fill":"rgb(144, 152, 177)","stroke":"rgb(144, 152, 177)","strokeLinejoin":"round","strokeLinecap":"round","strokeMiterlimit":"10","strokeWidth":102.4},{"fill":"none","stroke":"rgb(144, 152, 177)","strokeLinejoin":"round","strokeLinecap":"round","strokeMiterlimit":"4","strokeWidth":102.4}],"properties":{"order":74,"id":13,"name":"offer","prevSize":32,"code":59682},"setIdx":0,"setId":3,"iconIdx":28},{"icon":{"paths":["M0 396.8c0-28.277 22.923-51.2 51.2-51.2h921.6c28.278 0 51.2 22.923 51.2 51.2v576c0 28.278-22.922 51.2-51.2 51.2h-921.6c-28.277 0-51.2-22.922-51.2-51.2v-576zM102.4 448v473.6h819.2v-473.6h-819.2z","M512 102.4c-128.955 0-236.8 109.161-236.8 247.859 0 28.277-22.923 51.2-51.2 51.2s-51.2-22.923-51.2-51.2c0-191.581 150.088-350.259 339.2-350.259s339.2 158.679 339.2 350.259c0 28.277-22.922 51.2-51.2 51.2s-51.2-22.923-51.2-51.2c0-138.698-107.843-247.859-236.8-247.859z","M512 600.356c28.278 0 51.2 22.922 51.2 51.2v57.6c0 28.278-22.922 51.2-51.2 51.2-28.277 0-51.2-22.922-51.2-51.2v-57.6c0-28.278 22.923-51.2 51.2-51.2z"],"attrs":[{"fill":"rgb(144, 152, 177)"},{"fill":"rgb(144, 152, 177)"},{"fill":"rgb(144, 152, 177)"}],"isMulticolor":false,"isMulticolor2":false,"grid":0,"tags":["password"]},"attrs":[{"fill":"rgb(144, 152, 177)"},{"fill":"rgb(144, 152, 177)"},{"fill":"rgb(144, 152, 177)"}],"properties":{"order":75,"id":12,"name":"password","prevSize":32,"code":59683},"setIdx":0,"setId":3,"iconIdx":29},{"icon":{"paths":["M408.535 303.733l0.103 0.041c2.15-9.073 9.969-15.749 19.754-15.749h278.639c0.352 0 0.705-0.143 1.057-0.123-5.939-97.874-88.855-143.237-162.009-143.237h-278.643c-9.804 0-17.622 6.861-19.752 15.913l-0.104-0.041-121.802 553.74 0.269 0.020c-0.29 1.311-0.807 2.56-0.807 3.973 0 11.325 9.245 20.296 20.683 20.296h166.932l95.68-434.833z","M708.149 287.899c1.098 17.94-0.102 37.458-4.735 59.023-26.493 122.778-122.278 186.676-240.648 186.676 0 0-71.768 0-89.204 0-10.776 0-15.864 6.267-18.201 11.059l-35.988 164.844-6.308 29.266h-0.124l-26.123 118.702 0.269 0.020c-0.29 1.311-0.807 2.56-0.807 3.973 0 11.325 9.245 20.48 20.683 20.48h151.67l0.266-0.205c9.765-0.143 17.519-7.045 19.546-16.138l0.373-0.307 37.478-172.36c0 0 2.605-16.445 20.062-16.445s86.413 0 86.413 0c118.366 0 215.122-63.611 241.639-186.409 29.823-138.445-69.911-201.667-156.262-202.179z","M428.433 288.016c-9.802 0-17.621 6.676-19.751 15.749l-0.103-0.041-53.259 240.946c2.337-4.792 7.425-11.059 18.201-11.059 17.456 0 87.594 0 87.594 0 118.366 0 215.765-63.898 242.258-186.674 4.653-21.565 5.833-41.083 4.735-59.023-0.328-0.041-0.7 0.102-1.032 0.102h-278.643z"],"attrs":[{"fill":"rgb(21, 101, 192)"},{"fill":"rgb(3, 155, 229)"},{"fill":"rgb(40, 53, 147)"}],"isMulticolor":true,"isMulticolor2":false,"grid":0,"tags":["Paypal"]},"attrs":[{"fill":"rgb(21, 101, 192)"},{"fill":"rgb(3, 155, 229)"},{"fill":"rgb(40, 53, 147)"}],"properties":{"order":76,"id":11,"name":"Paypal","prevSize":32,"code":59684,"codes":[59684,59685,59686]},"setIdx":0,"setId":3,"iconIdx":30},{"icon":{"paths":["M752 128h-480v768h480v-768z","M511.748 752h0.482"],"attrs":[{"fill":"none","stroke":"rgb(64, 191, 255)","strokeLinejoin":"round","strokeLinecap":"round","strokeMiterlimit":"4","strokeWidth":85.33333333333333},{"fill":"none","stroke":"rgb(64, 191, 255)","strokeLinejoin":"round","strokeLinecap":"round","strokeMiterlimit":"4","strokeWidth":85.33333333333333}],"isMulticolor":false,"isMulticolor2":false,"grid":0,"tags":["Phone"]},"attrs":[{"fill":"none","stroke":"rgb(64, 191, 255)","strokeLinejoin":"round","strokeLinecap":"round","strokeMiterlimit":"4","strokeWidth":85.33333333333333},{"fill":"none","stroke":"rgb(64, 191, 255)","strokeLinejoin":"round","strokeLinecap":"round","strokeMiterlimit":"4","strokeWidth":85.33333333333333}],"properties":{"order":77,"id":10,"name":"Phone","prevSize":32,"code":59687},"setIdx":0,"setId":3,"iconIdx":31},{"icon":{"paths":["M1014.745 837.661c-23.572-62.82-59.719-120.164-106.213-168.511-46.499-48.347-102.376-86.684-164.206-112.66 33.626-27.633 60.777-62.318 79.54-101.601s28.682-82.212 29.057-125.751c-1.214-76.305-30.647-149.452-82.603-205.311s-122.753-90.466-198.719-97.135c-24.873-3.086-50.035-3.086-74.908 0-75.921 6.726-146.661 41.359-198.568 97.211s-81.301 128.967-82.51 205.234c0.361 43.542 10.275 86.473 29.040 125.758s45.923 73.97 79.554 101.594c-61.839 25.966-117.728 64.297-164.238 112.645s-82.662 105.696-106.239 168.526c-6.65 18.373-8.625 38.112-5.743 57.437s10.528 37.625 22.248 53.253c12.162 16.052 27.897 29.043 45.956 37.942s37.942 13.458 58.070 13.322h720.44c20.109 0.132 39.975-4.428 58.012-13.327s33.753-21.889 45.89-37.937c11.688-15.643 19.29-33.963 22.109-53.292s0.766-39.063-5.968-57.398zM343.091 329.138c0.842-46.217 18.89-90.455 50.613-124.051s74.834-54.133 120.891-57.587c13.127-1.626 26.405-1.626 39.531 0 34.64 5.315 67.028 20.46 93.33 43.637s45.412 53.414 55.067 87.13c9.655 33.715 9.445 69.493-0.6 103.093s-29.506 63.614-56.076 86.483c-26.57 22.869-59.134 37.634-93.833 42.545s-70.078-0.239-101.943-14.838c-31.864-14.596-58.878-38.031-77.839-67.526s-29.075-63.812-29.142-98.884zM174.14 877.709c28.864-71.982 78.598-133.666 142.797-177.113s139.925-66.662 217.425-66.662c77.497 0 153.225 23.216 217.42 66.662 64.2 43.447 113.937 105.131 142.799 177.113h-720.441z"],"attrs":[{}],"isMulticolor":false,"isMulticolor2":false,"grid":0,"tags":["profile"]},"attrs":[{}],"properties":{"order":78,"id":9,"name":"profile","prevSize":32,"code":59688},"setIdx":0,"setId":3,"iconIdx":32},{"icon":{"paths":["M384 256l256 256-256 256"],"attrs":[{"fill":"none","stroke":"rgb(144, 152, 177)","strokeLinejoin":"round","strokeLinecap":"round","strokeMiterlimit":"4","strokeWidth":85.33333333333333}],"isMulticolor":false,"isMulticolor2":false,"grid":0,"tags":["Right"]},"attrs":[{"fill":"none","stroke":"rgb(144, 152, 177)","strokeLinejoin":"round","strokeLinecap":"round","strokeMiterlimit":"4","strokeWidth":85.33333333333333}],"properties":{"order":79,"id":8,"name":"Right","prevSize":32,"code":59689},"setIdx":0,"setId":3,"iconIdx":33},{"icon":{"paths":["M963.803 894.506l-293.609-294.963c52.675-74.757 75.348-166.575 63.525-257.26s-57.274-173.622-127.358-232.378c-70.079-58.756-159.676-89.045-251.033-84.864s-177.811 42.523-242.233 107.435c-64.422 64.911-102.112 151.653-105.602 243.040s27.476 180.749 86.76 250.386c59.284 69.637 142.563 114.46 233.335 125.598 90.772 11.134 182.415-12.232 256.776-65.471l293.609 295.005c5.646 5.767 12.386 10.356 19.824 13.503 7.443 3.142 15.43 4.771 23.505 4.799s16.072-1.55 23.533-4.641c7.461-3.091 14.229-7.633 19.917-13.368 5.693-5.73 10.184-12.535 13.219-20.019s4.552-15.495 4.464-23.571c-0.088-8.071-1.783-16.049-4.98-23.464s-7.838-14.117-13.652-19.726v-0.042zM373.187 631.892c-48.452 0.27-95.892-13.857-136.308-40.578s-71.989-64.842-90.716-109.531c-18.727-44.687-23.766-93.929-14.477-141.483s32.486-91.278 66.652-125.634c34.166-34.356 77.763-57.795 125.265-67.347s96.77-4.783 141.56 13.696c44.791 18.479 83.084 49.84 110.029 90.108 26.95 40.268 41.337 87.627 41.337 136.080 0 64.662-25.595 126.701-71.191 172.548s-107.488 71.787-172.149 72.141z"],"attrs":[{}],"isMulticolor":false,"isMulticolor2":false,"grid":0,"tags":["search-icon"]},"attrs":[{}],"properties":{"order":80,"id":7,"name":"search-icon","prevSize":32,"code":59690},"setIdx":0,"setId":3,"iconIdx":34},{"icon":{"paths":["M454.4 857.6c222.679 0 403.2-180.521 403.2-403.2 0-222.681-180.521-403.2-403.2-403.2-222.681 0-403.2 180.519-403.2 403.2 0 222.679 180.519 403.2 403.2 403.2z","M742.4 742.4l230.4 230.4"],"attrs":[{"fill":"none","stroke":"rgb(144, 152, 177)","strokeLinejoin":"miter","strokeLinecap":"butt","strokeMiterlimit":"10","strokeWidth":102.4},{"fill":"none","stroke":"rgb(144, 152, 177)","strokeLinejoin":"miter","strokeLinecap":"round","strokeMiterlimit":"10","strokeWidth":102.4}],"isMulticolor":false,"isMulticolor2":false,"grid":0,"tags":["search-icon_mobile"]},"attrs":[{"fill":"none","stroke":"rgb(144, 152, 177)","strokeLinejoin":"miter","strokeLinecap":"butt","strokeMiterlimit":"10","strokeWidth":102.4},{"fill":"none","stroke":"rgb(144, 152, 177)","strokeLinejoin":"miter","strokeLinecap":"round","strokeMiterlimit":"10","strokeWidth":102.4}],"properties":{"order":81,"id":6,"name":"search-icon_mobile","prevSize":32,"code":59691},"setIdx":0,"setId":3,"iconIdx":35},{"icon":{"paths":["M128 512h240","M752 128v768l144-144","M128 213.333h432","M128 810.667h144","M752 896l-144-144"],"attrs":[{"fill":"none","stroke":"rgb(144, 152, 177)","strokeLinejoin":"round","strokeLinecap":"round","strokeMiterlimit":"4","strokeWidth":85.33333333333333},{"fill":"none","stroke":"rgb(144, 152, 177)","strokeLinejoin":"round","strokeLinecap":"round","strokeMiterlimit":"4","strokeWidth":85.33333333333333},{"fill":"none","stroke":"rgb(144, 152, 177)","strokeLinejoin":"round","strokeLinecap":"round","strokeMiterlimit":"4","strokeWidth":85.33333333333333},{"fill":"none","stroke":"rgb(144, 152, 177)","strokeLinejoin":"round","strokeLinecap":"round","strokeMiterlimit":"4","strokeWidth":85.33333333333333},{"fill":"none","stroke":"rgb(144, 152, 177)","strokeLinejoin":"round","strokeLinecap":"round","strokeMiterlimit":"4","strokeWidth":85.33333333333333}],"isMulticolor":false,"isMulticolor2":false,"grid":0,"tags":["Short icon"]},"attrs":[{"fill":"none","stroke":"rgb(144, 152, 177)","strokeLinejoin":"round","strokeLinecap":"round","strokeMiterlimit":"4","strokeWidth":85.33333333333333},{"fill":"none","stroke":"rgb(144, 152, 177)","strokeLinejoin":"round","strokeLinecap":"round","strokeMiterlimit":"4","strokeWidth":85.33333333333333},{"fill":"none","stroke":"rgb(144, 152, 177)","strokeLinejoin":"round","strokeLinecap":"round","strokeMiterlimit":"4","strokeWidth":85.33333333333333},{"fill":"none","stroke":"rgb(144, 152, 177)","strokeLinejoin":"round","strokeLinecap":"round","strokeMiterlimit":"4","strokeWidth":85.33333333333333},{"fill":"none","stroke":"rgb(144, 152, 177)","strokeLinejoin":"round","strokeLinecap":"round","strokeMiterlimit":"4","strokeWidth":85.33333333333333}],"properties":{"order":87,"id":5,"name":"Short-icon","prevSize":32,"code":59692},"setIdx":0,"setId":3,"iconIdx":36},{"icon":{"paths":["M1008.444 382.443l-286.29 198.49 84.052 322.56-278.188-194.82-296.107 184.5 114.349-318.979-267.010-208.468 348.843-2.302 131.073-313.344 101.206 317.521 348.071 14.844z"],"attrs":[{"fill":"rgb(255, 198, 0)"}],"isMulticolor":false,"isMulticolor2":false,"grid":0,"tags":["star"]},"attrs":[{"fill":"rgb(255, 198, 0)"}],"properties":{"order":86,"id":4,"name":"star","prevSize":32,"code":59693},"setIdx":0,"setId":3,"iconIdx":37},{"icon":{"paths":["M895.974 703.667v-288.5h-285.807","M896.004 415.167l-480.838 480.838","M128 320.333v288.503h285.761","M128 608.836l480.836-480.836"],"attrs":[{"fill":"none","stroke":"rgb(64, 191, 255)","strokeLinejoin":"round","strokeLinecap":"round","strokeMiterlimit":"10","strokeWidth":85.33333333333333},{"fill":"none","stroke":"rgb(64, 191, 255)","strokeLinejoin":"round","strokeLinecap":"round","strokeMiterlimit":"10","strokeWidth":85.33333333333333},{"fill":"none","stroke":"rgb(64, 191, 255)","strokeLinejoin":"round","strokeLinecap":"round","strokeMiterlimit":"10","strokeWidth":85.33333333333333},{"fill":"none","stroke":"rgb(64, 191, 255)","strokeLinejoin":"round","strokeLinecap":"round","strokeMiterlimit":"10","strokeWidth":85.33333333333333}],"isMulticolor":false,"isMulticolor2":false,"grid":0,"tags":["Transaction"]},"attrs":[{"fill":"none","stroke":"rgb(64, 191, 255)","strokeLinejoin":"round","strokeLinecap":"round","strokeMiterlimit":"10","strokeWidth":85.33333333333333},{"fill":"none","stroke":"rgb(64, 191, 255)","strokeLinejoin":"round","strokeLinecap":"round","strokeMiterlimit":"10","strokeWidth":85.33333333333333},{"fill":"none","stroke":"rgb(64, 191, 255)","strokeLinejoin":"round","strokeLinecap":"round","strokeMiterlimit":"10","strokeWidth":85.33333333333333},{"fill":"none","stroke":"rgb(64, 191, 255)","strokeLinejoin":"round","strokeLinecap":"round","strokeMiterlimit":"10","strokeWidth":85.33333333333333}],"properties":{"order":85,"id":3,"name":"Transaction","prevSize":32,"code":59694},"setIdx":0,"setId":3,"iconIdx":38},{"icon":{"paths":["M51.2 224h921.6","M339.2 51.2h345.6","M857.6 224h-691.2v748.8h691.2v-748.8z"],"attrs":[{"fill":"none","stroke":"rgb(144, 152, 177)","strokeLinejoin":"round","strokeLinecap":"round","strokeMiterlimit":"4","strokeWidth":102.4},{"fill":"none","stroke":"rgb(144, 152, 177)","strokeLinejoin":"round","strokeLinecap":"round","strokeMiterlimit":"4","strokeWidth":102.4},{"fill":"none","stroke":"rgb(144, 152, 177)","strokeLinejoin":"round","strokeLinecap":"round","strokeMiterlimit":"4","strokeWidth":102.4}],"isMulticolor":false,"isMulticolor2":false,"grid":0,"tags":["trash"]},"attrs":[{"fill":"none","stroke":"rgb(144, 152, 177)","strokeLinejoin":"round","strokeLinecap":"round","strokeMiterlimit":"4","strokeWidth":102.4},{"fill":"none","stroke":"rgb(144, 152, 177)","strokeLinejoin":"round","strokeLinecap":"round","strokeMiterlimit":"4","strokeWidth":102.4},{"fill":"none","stroke":"rgb(144, 152, 177)","strokeLinejoin":"round","strokeLinecap":"round","strokeMiterlimit":"4","strokeWidth":102.4}],"properties":{"order":84,"id":2,"name":"trash","prevSize":32,"code":59695},"setIdx":0,"setId":3,"iconIdx":39},{"icon":{"paths":["M1002.646 200.209c-37.567 16.392-77.292 27.29-117.965 32.358 42.878-25.427 74.943-65.7 90.112-113.186-40.1 23.782-83.968 40.543-129.707 49.562-28.071-30.040-64.532-50.937-104.639-59.971s-82.008-5.787-120.246 9.318c-38.238 15.105-71.044 41.369-94.151 75.375s-35.443 74.179-35.404 115.293c-0.15 15.694 1.453 31.356 4.779 46.694-81.468-4-161.174-25.148-233.909-62.063s-136.86-88.764-188.184-152.158c-26.358 45.049-34.522 98.462-22.824 149.327s42.376 95.345 85.765 124.354c-32.408-0.86-64.132-9.5-92.501-25.19v2.253c0.044 47.259 16.355 93.062 46.191 129.711s71.381 61.911 117.649 71.539c-17.527 4.648-35.594 6.944-53.726 6.827-13.013 0.236-26.013-0.931-38.775-3.482 13.216 40.616 38.69 76.141 72.918 101.689s75.531 39.868 118.228 40.988c-72.404 56.569-161.658 87.282-253.542 87.241-16.381 0.116-32.754-0.819-49.015-2.799 93.605 60.314 202.674 92.228 314.027 91.887 76.68 0.539 152.702-14.165 223.651-43.261s135.41-71.994 189.635-126.21c54.231-54.217 97.15-118.667 126.259-189.609s43.834-146.96 43.315-223.641c0-9.079 0-17.818-0.751-26.487 40.455-28.901 75.298-64.945 102.81-106.359z"],"attrs":[{"fill":"rgb(3, 169, 244)"}],"isMulticolor":false,"isMulticolor2":false,"grid":0,"tags":["twitter"]},"attrs":[{"fill":"rgb(3, 169, 244)"}],"properties":{"order":83,"id":1,"name":"twitter","prevSize":32,"code":59696},"setIdx":0,"setId":3,"iconIdx":40},{"icon":{"paths":["M723.166 300.812l-422.378 422.379","M300.833 300.812l422.38 422.379"],"attrs":[{"fill":"none","stroke":"rgb(144, 152, 177)","strokeLinejoin":"round","strokeLinecap":"round","strokeMiterlimit":"4","strokeWidth":85.33333333333333},{"fill":"none","stroke":"rgb(144, 152, 177)","strokeLinejoin":"round","strokeLinecap":"round","strokeMiterlimit":"4","strokeWidth":85.33333333333333}],"isMulticolor":false,"isMulticolor2":false,"grid":0,"tags":["X"]},"attrs":[{"fill":"none","stroke":"rgb(144, 152, 177)","strokeLinejoin":"round","strokeLinecap":"round","strokeMiterlimit":"4","strokeWidth":85.33333333333333},{"fill":"none","stroke":"rgb(144, 152, 177)","strokeLinejoin":"round","strokeLinecap":"round","strokeMiterlimit":"4","strokeWidth":85.33333333333333}],"properties":{"order":82,"id":0,"name":"X","prevSize":32,"code":59697},"setIdx":0,"setId":3,"iconIdx":41}],"height":1024,"metadata":{"name":"icomoon"},"preferences":{"showGlyphs":true,"showQuickUse":true,"showQuickUse2":true,"showSVGs":true,"fontPref":{"prefix":"icon-","metadata":{"fontFamily":"icomoon"},"metrics":{"emSize":1024,"baseline":6.25,"whitespace":50},"embed":false},"imagePref":{"prefix":"icon-","png":true,"useClassSelector":true,"color":0,"bgColor":16777215,"classSelector":".icon"},"historySize":50,"showCodes":true,"gridSize":16}}